Id_Vehiculo,Id_Usuario,Placa,Color
100,1,5863 WLM,Amarillo
101,2,B 2693 ZE,Blanco
102,3,A 2044 WF,Azul
103,4,9129 WPP,Negro
104,5,3398 WDK,Plateado
105,6,1299 CSF,Negro
106,7,6160 JYW,Negro
107,8,BI 0986 ZC,Plateado
108,9,SS 1042 ZT,Rojo
109,10,0844 ZHS,Plateado
110,11,9225 SMZ,Plateado
111,12,HU 9671 PM,Naranja
112,13,LE 8777 WN,Naranja
113,14,OU 8184 VV,Negro
114,15,2373 HXR,Amarillo
115,16,SO 1395 FG,Gris
116,17,6326 BSH,Café
117,18,M 6308 TW,Verde
118,19,3413 KPB,Naranja
119,20,MU 7076 NJ,Verde
120,21,0411 ZMF,Café
121,22,AL 2711 EY,Rojo
122,23,BU 5422 BF,Plateado
123,24,M 2731 WA,Verde
124,25,2089 FLC,Verde
125,26,CC 7497 YG,Azul
126,27,9516 BPL,Azul
127,28,PM 1969 ZK,Rojo
128,29,SS 8091 YN,Amarillo
129,30,8700 ZRY,Blanco
130,31,OU 5238 LH,Blanco
131,32,CO 2563 IN,Café
132,33,CE 2009 JF,Naranja
133,34,3142 HFC,Verde
134,35,6426 RHZ,Negro
135,36,CO 5727 JN,Rojo
136,37,1083 PFT,Amarillo
137,38,NA 4034 MB,Café
138,39,3310 RYP,Negro
139,40,J 3967 EC,Amarillo
140,41,LU 2951 XC,Negro
141,42,B 8970 GA,Café
142,43,2007 JWG,Blanco
143,44,T 1144 DX,Blanco
144,45,8975 XVX,Amarillo
145,46,SS 3569 KB,Naranja
146,47,CO 8558 NM,Gris
147,48,IB 6284 HH,Gris
148,49,5337 BPK,Gris
149,50,TE 5928 ES,Blanco
150,51,GE 9347 TF,Gris
151,52,TF 5434 BV,Negro
152,53,O 9261 IO,Verde
153,54,8525 MWJ,Gris
154,55,7834 CNT,Azul
155,56,8719 BTZ,Azul
156,57,8149 DDG,Gris
157,58,PO 5656 FE,Naranja
158,59,AB 6458 SV,Gris
159,60,2552 CLY,Plateado
160,61,OU 9855 SB,Verde
161,62,OR 8461 TB,Azul
162,63,0367 PRL,Amarillo
163,64,P 2210 UM,Gris
164,65,CS 8422 FZ,Rojo
165,66,7569 PNH,Azul
166,67,LU 0843 YM,Naranja
167,68,4891 KZR,Gris
168,69,6344 HBJ,Café
169,70,VI 5531 WP,Azul
170,71,1800 DTH,Negro
171,72,V 0204 AX,Naranja
172,73,AV 7735 XV,Café
173,74,7101 PSK,Gris
174,75,P 8528 BS,Rojo
175,76,1183 LJF,Naranja
176,77,LE 5194 ZF,Blanco
177,78,4287 XHC,Plateado
178,79,1787 BCB,Negro
179,80,9316 VYG,Negro
180,81,6547 RGX,Azul
181,82,CA 1872 YI,Azul
182,83,HU 6677 VP,Café
183,84,MU 2331 LG,Amarillo
184,85,6953 XVV,Verde
185,86,C 3154 IA,Amarillo
186,87,3377 BFN,Negro
187,88,3775 SCW,Verde
188,89,3121 TJS,Naranja
189,90,V 6755 UO,Gris
190,91,5070 ZJK,Café
191,92,C 0984 YL,Amarillo
192,93,O 3794 PZ,Rojo
193,94,3500 NWX,Blanco
194,95,9454 PWV,Plateado
195,96,A 4671 EU,Naranja
196,97,2559 MYW,Café
197,98,9474 SCW,Negro
198,99,CR 4598 JN,Gris
199,100,3373 KJN,Naranja
200,101,LO 9684 CJ,Gris
201,102,1129 DWV,Blanco
202,103,0417 BTM,Azul
203,104,GE 2675 ZT,Naranja
204,105,HU 4400 NK,Plateado
205,106,5931 GZT,Negro
206,107,7985 WZC,Café
207,108,NA 8319 XG,Café
208,109,J 0260 BE,Amarillo
209,110,8252 PMH,Amarillo
210,111,AB 0854 NK,Gris
211,112,CU 2174 BK,Naranja
212,113,AV 7352 CB,Azul
213,114,9791 KVP,Negro
214,115,ZA 8563 IS,Azul
215,116,9686 JFJ,Verde
216,117,3438 WNG,Amarillo
217,118,7287 SHV,Negro
218,119,5981 TPP,Verde
219,120,BA 7578 HI,Negro
220,121,SS 3770 YZ,Amarillo
221,122,3148 ZZK,Verde
222,123,7572 JPW,Café
223,124,VA 3835 GD,Azul
224,125,0157 HDC,Gris
225,126,6687 CBN,Naranja
226,127,CU 1090 TH,Negro
227,128,2546 TDV,Negro
228,129,CS 4231 EZ,Plateado
229,130,5350 NLZ,Amarillo
230,131,CA 6077 OU,Amarillo
231,132,2660 WRM,Café
232,133,2534 RXG,Gris
233,134,ZA 2771 SB,Rojo
234,135,7174 VVZ,Gris
235,136,J 7205 NE,Naranja
236,137,L 0868 AF,Rojo
237,138,H 8626 YT,Negro
238,139,7316 TWN,Amarillo
239,140,CE 4867 PX,Blanco
240,141,8370 XWX,Verde
241,142,8005 CKY,Blanco
242,143,7466 BYL,Rojo
243,144,LE 9240 UV,Naranja
244,145,GC 4087 YG,Blanco
245,146,0474 KJW,Café
246,147,0971 MPY,Blanco
247,148,5150 CYZ,Azul
248,149,B 9926 AY,Gris
249,150,7476 NNW,Verde
250,151,7121 PSD,Negro
251,152,IB 0568 OY,Verde
252,153,IB 8211 AI,Plateado
253,154,CE 2402 XY,Blanco
254,155,5431 JVZ,Blanco
255,156,9105 JCC,Plateado
256,157,7958 GPR,Blanco
257,158,S 1992 YX,Gris
258,159,AV 0501 OV,Azul
259,160,ML 5455 NI,Plateado
260,161,0263 NXZ,Naranja
261,162,6543 CTK,Plateado
262,163,4946 FTF,Blanco
263,164,IB 3357 BB,Negro
264,165,PM 9301 ND,Verde
265,166,IB 2056 UD,Café
266,167,6638 SFR,Plateado
267,168,9135 SZN,Azul
268,169,7430 XGT,Verde
269,170,Z 4391 VO,Plateado
270,171,4158 ZYR,Blanco
271,172,AB 8490 VI,Café
272,173,IB 9630 CJ,Verde
273,174,LE 9201 AL,Blanco
274,175,P 6433 TZ,Blanco
275,176,4237 DDK,Gris
276,177,5918 TXK,Negro
277,178,V 0227 BI,Verde
278,179,P 7171 EB,Rojo
279,180,0057 YMD,Azul
280,181,BI 5437 ZS,Plateado
281,182,7725 TXB,Negro
282,183,SA 3259 JD,Gris
283,184,MA 0652 CZ,Café
284,185,GR 8594 NE,Amarillo
285,186,7974 DZX,Plateado
286,187,7310 RRT,Azul
287,188,2309 RVD,Amarillo
288,189,HU 9649 WT,Amarillo
289,190,0894 GLN,Azul
290,191,Z 5720 DP,Plateado
291,192,SO 3222 FC,Gris
292,193,3139 VMR,Amarillo
293,194,O 9319 OL,Gris
294,195,8766 MNX,Blanco
295,196,9534 FPS,Blanco
296,197,CO 2946 OV,Amarillo
297,198,6276 YPY,Verde
298,199,6259 MSK,Amarillo
299,200,7789 LNK,Plateado
300,201,CO 3451 VG,Rojo
301,202,3623 BLT,Rojo
302,203,1871 TRL,Verde
303,204,MU 6489 TL,Café
304,205,BI 6354 IG,Negro
305,206,4535 JKX,Negro
306,207,0678 SGB,Gris
307,208,IB 3834 DX,Plateado
308,209,8270 KFC,Amarillo
309,210,1281 LCW,Rojo
310,211,4670 GBR,Amarillo
311,212,0676 TLZ,Rojo
312,213,GC 8783 VD,Blanco
313,214,7187 FZD,Gris
314,215,NA 9585 BE,Verde
315,216,VA 4582 KK,Gris
316,217,M 5014 WU,Blanco
317,218,9974 GST,Negro
318,219,1393 JJH,Amarillo
319,220,GR 0901 BV,Azul
320,221,3942 SRP,Blanco
321,222,9527 LVR,Blanco
322,223,7116 YCR,Naranja
323,224,C 7217 EZ,Verde
324,225,TO 0502 HI,Negro
325,226,4484 MCW,Plateado
326,227,Z 2912 ZZ,Naranja
327,228,7195 GBY,Verde
328,229,GE 6844 EH,Café
329,230,4960 ZLY,Gris
330,231,8097 HXZ,Negro
331,232,8519 VPX,Gris
332,233,V 0487 ET,Negro
333,234,T 6188 XU,Rojo
334,235,8019 SJF,Plateado
335,236,T 7246 GG,Café
336,237,T 9847 EH,Amarillo
337,238,5950 THF,Verde
338,239,4360 GLZ,Negro
339,240,CS 4804 YC,Negro
340,241,HU 5847 NF,Blanco
341,242,1852 SKR,Naranja
342,243,CS 0962 DH,Plateado
343,244,H 0486 GU,Naranja
344,245,GR 7229 CI,Rojo
345,246,7086 ZDM,Café
346,247,SO 8476 WU,Negro
347,248,9635 PSJ,Amarillo
348,249,V 1204 CU,Azul
349,250,1151 HGH,Blanco
350,251,7937 NWP,Verde
351,252,5131 CJG,Gris
352,253,T 0812 CE,Amarillo
353,254,7252 NGK,Plateado
354,255,CA 9000 IN,Blanco
355,256,9878 VSS,Naranja
356,257,TF 9843 LN,Azul
357,258,9850 CVC,Amarillo
358,259,BU 0832 SL,Negro
359,260,SG 8894 PY,Blanco
360,261,GE 5909 JF,Verde
361,262,6229 JBX,Azul
362,263,BI 2149 MF,Café
363,264,MA 3054 MV,Rojo
364,265,M 9380 DC,Azul
365,266,9852 KCW,Verde
366,267,PM 4644 NM,Naranja
367,268,MU 8804 NW,Naranja
368,269,BI 0580 DE,Café
369,270,3969 VKC,Amarillo
370,271,SA 2139 GA,Café
371,272,SS 9222 PU,Plateado
372,273,J 8405 WF,Gris
373,274,J 5127 LW,Café
374,275,TE 1792 LO,Plateado
375,276,3427 LPN,Café
376,277,5010 VPK,Amarillo
377,278,3348 VVM,Naranja
378,279,3841 VSP,Negro
379,280,1978 BFR,Naranja
380,281,O 2583 MY,Azul
381,282,CA 5948 WH,Blanco
382,283,9436 LGH,Café
383,284,SA 0544 LF,Negro
384,285,6211 NWT,Gris
385,286,5115 SGZ,Amarillo
386,287,A 1358 HO,Naranja
387,288,L 3075 LW,Gris
388,289,0745 CYF,Café
389,290,8551 NKW,Rojo
390,291,AB 1729 ZY,Blanco
391,292,SS 4855 SU,Naranja
392,293,BA 1904 KK,Rojo
393,294,BI 5832 VJ,Café
394,295,CS 0835 BP,Amarillo
395,296,4770 DBK,Azul
396,297,8955 RXF,Café
397,298,0325 TPN,Azul
398,299,6314 VSY,Negro
399,300,TF 0441 FL,Amarillo
400,301,SE 4177 WH,Amarillo
401,302,8556 TKD,Plateado
402,303,ZA 8788 KI,Blanco
403,304,AV 1967 XJ,Negro
404,305,NA 6650 CD,Negro
405,306,9907 NGM,Naranja
406,307,LE 8394 NM,Azul
407,308,GE 8574 BO,Blanco
408,309,5998 HSN,Gris
409,310,4948 TGH,Café
410,311,LU 6486 IA,Verde
411,312,6233 DWS,Azul
412,313,8067 TPP,Amarillo
413,314,C 4510 XB,Plateado
414,315,0489 BZV,Naranja
415,316,SG 4188 UI,Verde
416,317,CC 1109 HT,Naranja
417,318,H 8482 UA,Blanco
418,319,LE 6984 AG,Café
419,320,GI 5927 TP,Blanco
420,321,LE 5212 NG,Rojo
421,322,8689 MKZ,Negro
422,323,8882 DHF,Verde
423,324,2057 JBW,Blanco
424,325,L 2126 UB,Rojo
425,326,P 1265 TL,Rojo
426,327,CS 6923 BX,Naranja
427,328,HU 1582 CY,Amarillo
428,329,8993 SRD,Azul
429,330,BI 4948 XL,Rojo
430,331,3507 HXV,Amarillo
431,332,5245 FRF,Café
432,333,B 7479 KA,Verde
433,334,7586 HDZ,Naranja
434,335,BI 1395 FP,Gris
435,336,3988 FMZ,Plateado
436,337,5452 YWC,Blanco
437,338,7314 XVM,Naranja
438,339,SS 6830 ME,Gris
439,340,2124 ZBY,Café
440,341,S 9114 TP,Café
441,342,2425 RDR,Blanco
442,343,OR 8392 XH,Azul
443,344,AV 3126 OK,Blanco
444,345,Z 7017 VE,Amarillo
445,346,1257 BWC,Café
446,347,P 6682 LE,Gris
447,348,SS 5186 NN,Naranja
448,349,3651 HDC,Amarillo
449,350,HU 6544 LG,Plateado
450,351,8580 GKG,Gris
451,352,LU 8825 EM,Café
452,353,5150 BWM,Amarillo
453,354,LU 3216 LK,Rojo
454,355,4241 BNN,Plateado
455,356,5743 VBF,Naranja
456,357,CR 7769 GU,Blanco
457,358,OU 5270 LO,Azul
458,359,SE 8731 EZ,Azul
459,360,1131 NHT,Amarillo
460,361,PM 0094 JS,Naranja
461,362,6519 FJG,Rojo
462,363,V 5352 SP,Negro
463,364,7043 LZN,Negro
464,365,VA 0623 ZY,Naranja
465,366,CC 1052 YL,Negro
466,367,3678 HDZ,Blanco
467,368,H 8066 EG,Negro
468,369,5883 VSF,Café
469,370,PO 3284 JE,Negro
470,371,7349 HCM,Rojo
471,372,T 9768 MV,Verde
472,373,V 2257 MB,Rojo
473,374,OU 7589 JJ,Blanco
474,375,P 6179 BK,Azul
475,376,6169 BLT,Blanco
476,377,PO 8686 WZ,Verde
477,378,5705 LXX,Negro
478,379,0703 WMT,Azul
479,380,9898 HCY,Café
480,381,S 4108 SB,Azul
481,382,9122 HNX,Rojo
482,383,5217 GFP,Gris
483,384,8968 BXT,Rojo
484,385,0998 WWY,Café
485,386,S 5971 HD,Verde
486,387,0396 RVV,Gris
487,388,3227 JGD,Plateado
488,389,3880 XTW,Naranja
489,390,0042 DJF,Amarillo
490,391,CC 6766 EM,Blanco
491,392,0208 KCY,Naranja
492,393,3117 MWB,Azul
493,394,OR 7300 HP,Amarillo
494,395,6562 PMZ,Gris
495,396,SO 6862 LL,Amarillo
496,397,5639 ZRC,Plateado
497,398,AV 3290 SS,Naranja
498,399,CS 1383 CN,Azul
499,400,5057 JTT,Plateado
500,401,1809 PFN,Verde
501,402,6872 BLX,Azul
502,403,GC 2115 ZV,Plateado
503,404,MA 0245 JO,Café
504,405,2686 LYW,Negro
505,406,8670 KTC,Plateado
506,407,SE 1019 AW,Naranja
507,408,CU 2431 YT,Naranja
508,409,VI 5865 SM,Rojo
509,410,4281 CYG,Rojo
510,411,9688 GTK,Gris
511,412,S 2178 XW,Rojo
512,413,GU 8790 WX,Azul
513,414,1373 DGG,Verde
514,415,6678 DPT,Negro
515,416,C 1325 PF,Rojo
516,417,3694 BDP,Amarillo
517,418,6038 PCK,Naranja
518,419,CA 0081 CK,Gris
519,420,5205 HYG,Negro
520,421,M 9097 LF,Rojo
521,422,L 5159 FM,Rojo
522,423,OU 8842 XD,Blanco
523,424,NA 3422 DC,Blanco
524,425,7946 PBX,Amarillo
525,426,CA 0368 LG,Naranja
526,427,0316 ZHZ,Negro
527,428,4730 ZZT,Café
528,429,2020 DBY,Café
529,430,LE 9875 JD,Gris
530,431,L 8169 YG,Gris
531,432,AB 9740 PM,Azul
532,433,TF 4641 WX,Amarillo
533,434,ML 8158 EK,Verde
534,435,Z 5434 MJ,Café
535,436,5550 PJN,Negro
536,437,P 9187 NA,Gris
537,438,P 4754 AS,Rojo
538,439,S 7481 TM,Verde
539,440,V 2357 XX,Verde
540,441,TE 6030 WA,Naranja
541,442,3640 YCB,Naranja
542,443,MA 6210 US,Rojo
543,444,6136 FMT,Rojo
544,445,2555 VGR,Azul
545,446,TF 6125 TE,Naranja
546,447,5543 JNJ,Naranja
547,448,TO 6649 JP,Negro
548,449,6492 DZP,Blanco
549,450,7877 HWK,Naranja
550,451,H 1968 AS,Gris
551,452,OU 4363 PY,Gris
552,453,4637 FGK,Café
553,454,CC 5213 IZ,Gris
554,455,2531 XCJ,Blanco
555,456,0664 YCX,Negro
556,457,9868 ZXN,Negro
557,458,GE 6580 DM,Azul
558,459,BA 0222 XY,Plateado
559,460,2990 VJZ,Negro
560,461,0292 ZWJ,Negro
561,462,9653 XLN,Café
562,463,SO 4359 JP,Naranja
563,464,CS 9391 FB,Rojo
564,465,5518 FSK,Amarillo
565,466,9687 MNM,Plateado
566,467,V 3956 MO,Rojo
567,468,A 0644 BO,Amarillo
568,469,NA 8163 UK,Café
569,470,CR 4532 FO,Naranja
570,471,2501 TRS,Negro
571,472,AV 6194 IG,Café
572,473,8370 RFS,Gris
573,474,7867 LKX,Rojo
574,475,C 3814 OU,Café
575,476,9932 VSG,Rojo
576,477,5105 DNB,Amarillo
577,478,2860 YHW,Azul
578,479,ML 1241 XX,Blanco
579,480,4868 DYN,Naranja
580,481,CC 6947 GN,Naranja
581,482,C 8351 LF,Blanco
582,483,TO 4720 FB,Plateado
583,484,GR 9861 NI,Azul
584,485,1345 SYD,Plateado
585,486,O 7168 WO,Verde
586,487,2911 YNL,Café
587,488,GU 6901 DO,Café
588,489,8078 NTL,Negro
589,490,V 7415 WA,Azul
590,491,0307 SNV,Plateado
591,492,4006 RGK,Blanco
592,493,3485 SSN,Naranja
593,494,SE 7826 SN,Blanco
594,495,7517 DBJ,Amarillo
595,496,0202 PNS,Negro
596,497,2561 ZJD,Café
597,498,3156 PRK,Verde
598,499,2759 SWM,Azul
599,500,2740 YPZ,Negro
600,501,7750 ZVL,Gris
601,502,7907 CMZ,Rojo
602,503,TO 9194 ZK,Verde
603,504,7948 WLC,Gris
604,505,J 6451 XK,Rojo
605,506,SS 0044 ZO,Café
606,507,ZA 8686 BP,Café
607,508,9217 JHC,Negro
608,509,OR 0101 CW,Blanco
609,510,BA 0120 JX,Blanco
610,511,6019 PPX,Café
611,512,9470 PLF,Azul
612,513,6138 NPN,Naranja
613,514,4408 MRW,Gris
614,515,Z 1849 MZ,Amarillo
615,516,M 3817 ZE,Amarillo
616,517,6414 NPH,Negro
617,518,SO 8418 GY,Blanco
618,519,6809 CHF,Café
619,520,2306 CTW,Blanco
620,521,6091 VNB,Blanco
621,522,B 2401 NM,Rojo
622,523,HU 7337 CC,Rojo
623,524,LO 6762 PS,Café
624,525,VA 4768 GZ,Naranja
625,526,3665 RFG,Naranja
626,527,IB 6763 LT,Café
627,528,0126 DBK,Verde
628,529,C 2897 LV,Negro
629,530,TE 3057 XH,Café
630,531,0522 KXB,Naranja
631,532,0027 GZD,Café
632,533,6500 DZM,Amarillo
633,534,LO 6350 IT,Café
634,535,6253 JKG,Plateado
635,536,HU 5701 PF,Gris
636,537,9960 KHW,Blanco
637,538,3798 CHM,Rojo
638,539,OU 3272 EY,Verde
639,540,GC 3097 IU,Verde
640,541,AV 2257 GI,Verde
641,542,L 2037 GS,Café
642,543,CO 1522 JF,Azul
643,544,Z 3202 CO,Negro
644,545,ML 6635 NI,Negro
645,546,ML 4465 EO,Blanco
646,547,LO 1154 AW,Rojo
647,548,0719 SSC,Verde
648,549,9822 RNP,Verde
649,550,GE 9661 KH,Naranja
650,551,5044 GTD,Gris
651,552,4052 JTL,Naranja
652,553,SE 9205 SY,Negro
653,554,L 2299 KO,Azul
654,555,SG 2241 XN,Blanco
655,556,6625 SWF,Amarillo
656,557,0572 KYX,Gris
657,558,GR 6491 FP,Gris
658,559,2258 RKH,Blanco
659,560,7441 MSK,Amarillo
660,561,GR 5600 VS,Amarillo
661,562,SE 8123 WE,Gris
662,563,CA 7248 GF,Plateado
663,564,PM 1880 BU,Café
664,565,LU 2136 MD,Blanco
665,566,VI 0378 VB,Gris
666,567,2908 NNC,Amarillo
667,568,8290 KXP,Plateado
668,569,5913 HKN,Plateado
669,570,AL 4459 KT,Azul
670,571,0535 LNS,Azul
671,572,GU 3707 JM,Blanco
672,573,2465 CNY,Plateado
673,574,0290 KZV,Plateado
674,575,GC 9845 PF,Café
675,576,9799 ZLZ,Café
676,577,7527 VSY,Café
677,578,BI 3287 PG,Verde
678,579,5069 TRG,Café
679,580,H 7102 DM,Naranja
680,581,BU 1562 EM,Gris
681,582,CR 5884 EM,Plateado
682,583,CC 6044 EW,Naranja
683,584,6039 TJS,Café
684,585,2003 DXR,Plateado
685,586,BU 3648 JH,Café
686,587,B 3369 VI,Blanco
687,588,GE 6157 BD,Negro
688,589,9425 KKN,Amarillo
689,590,IB 7072 EB,Rojo
690,591,AL 9831 XJ,Café
691,592,6160 RPJ,Negro
692,593,OR 5296 YJ,Gris
693,594,4071 DZZ,Verde
694,595,AB 3547 CL,Azul
695,596,6096 GVH,Blanco
696,597,M 2320 NI,Naranja
697,598,0229 FHX,Café
698,599,3973 NVZ,Rojo
699,600,5089 JLP,Blanco
700,601,8698 PKC,Amarillo
701,602,CR 0797 XB,Gris
702,603,SA 4781 AL,Blanco
703,604,A 5895 DE,Blanco
704,605,7382 VFS,Café
705,606,6248 WGR,Amarillo
706,607,GC 7571 NY,Blanco
707,608,9396 SLP,Plateado
708,609,OU 0776 UW,Café
709,610,0575 SML,Amarillo
710,611,AB 9124 OV,Verde
711,612,J 9994 XP,Plateado
712,613,A 8797 TH,Azul
713,614,CA 9954 KL,Verde
714,615,O 0832 OO,Blanco
715,616,SA 4971 YA,Rojo
716,617,0045 RNT,Café
717,618,GU 0245 CE,Blanco
718,619,1951 DDB,Verde
719,620,B 3424 YS,Negro
720,621,SS 6740 IO,Naranja
721,622,5406 XHW,Café
722,623,LU 6201 FE,Amarillo
723,624,4374 SHM,Blanco
724,625,LU 7714 DB,Blanco
725,626,CO 8538 BX,Rojo
726,627,6217 PSM,Plateado
727,628,8212 NLV,Amarillo
728,629,1848 LTR,Rojo
729,630,B 5806 SC,Blanco
730,631,GR 6740 YC,Rojo
731,632,5418 NRP,Blanco
732,633,BA 5175 FG,Amarillo
733,634,6862 XVH,Blanco
734,635,J 3891 TH,Azul
735,636,7794 PXC,Café
736,637,8498 CXK,Verde
737,638,CO 5771 ST,Negro
738,639,6359 LDV,Café
739,640,L 7041 BU,Azul
740,641,NA 6374 SI,Amarillo
741,642,IB 4142 ZJ,Rojo
742,643,HU 3490 AP,Azul
743,644,2919 NFX,Azul
744,645,CO 2740 ZG,Gris
745,646,Z 0879 FP,Rojo
746,647,9210 YZT,Gris
747,648,1229 GWS,Negro
748,649,SA 6107 GI,Rojo
749,650,5680 TVZ,Rojo
750,651,9385 KSR,Verde
751,652,L 1326 SK,Plateado
752,653,MA 5263 MY,Plateado
753,654,0620 LYK,Blanco
754,655,3192 BBF,Verde
755,656,7495 MHS,Café
756,657,0165 CND,Blanco
757,658,IB 6010 LB,Gris
758,659,6647 LDP,Naranja
759,660,CA 4237 MP,Verde
760,661,1216 DDW,Negro
761,662,8729 HXV,Verde
762,663,SO 4533 CB,Gris
763,664,SS 0715 IP,Negro
764,665,8046 WFH,Naranja
765,666,GC 8332 PF,Blanco
766,667,CU 6033 ZU,Amarillo
767,668,3064 DRL,Blanco
768,669,3046 TMN,Blanco
769,670,5794 GSX,Azul
770,671,7324 RXL,Azul
771,672,3284 DYV,Rojo
772,673,4792 XNT,Azul
773,674,T 1747 DT,Naranja
774,675,LO 8555 TA,Negro
775,676,NA 9335 HL,Café
776,677,8813 MLD,Gris
777,678,9949 DGW,Café
778,679,OU 8793 LV,Rojo
779,680,0874 SZL,Plateado
780,681,HU 0245 EU,Naranja
781,682,6114 JCR,Negro
782,683,8068 BSV,Azul
783,684,BA 1003 TI,Café
784,685,PO 5558 YW,Verde
785,686,9598 FGM,Blanco
786,687,SO 8861 WE,Gris
787,688,9511 FHP,Plateado
788,689,TF 1840 YJ,Verde
789,690,1051 MHD,Naranja
790,691,0921 YBH,Blanco
791,692,C 6378 WO,Rojo
792,693,5319 LJV,Rojo
793,694,SG 5210 UM,Naranja
794,695,3010 JTS,Naranja
795,696,0548 WSH,Azul
796,697,9030 WTN,Verde
797,698,J 2711 HG,Blanco
798,699,9856 MCL,Negro
799,700,LU 0774 SY,Gris
800,701,T 7171 EN,Plateado
801,702,4465 PDH,Gris
802,703,4128 CFJ,Gris
803,704,GE 2938 MA,Blanco
804,705,8231 DLJ,Naranja
805,706,TF 6815 DN,Rojo
806,707,3074 FKZ,Amarillo
807,708,L 4150 EV,Negro
808,709,3173 JTJ,Rojo
809,710,9501 KST,Café
810,711,SG 3287 FK,Gris
811,712,V 6244 KK,Blanco
812,713,5231 XHF,Gris
813,714,TF 6505 OI,Verde
814,715,8808 JSR,Verde
815,716,CR 1489 KO,Rojo
816,717,MA 8029 JD,Verde
817,718,1845 NYH,Plateado
818,719,SG 6551 OE,Verde
819,720,SG 8262 MX,Naranja
820,721,8050 KDK,Blanco
821,722,GE 8248 IT,Verde
822,723,SS 5537 ED,Azul
823,724,9586 YWM,Rojo
824,725,0622 CBJ,Café
825,726,7290 NZK,Naranja
826,727,J 0991 JN,Negro
827,728,6584 SJL,Rojo
828,729,ML 4033 FA,Plateado
829,730,7063 GYS,Amarillo
830,731,CS 9581 MB,Café
831,732,6531 CHW,Negro
832,733,LE 5221 CL,Negro
833,734,L 6389 PB,Negro
834,735,4210 RRX,Naranja
835,736,AV 0249 XL,Blanco
836,737,0185 PZD,Naranja
837,738,O 0718 YF,Verde
838,739,GR 7225 WT,Verde
839,740,PO 5281 MS,Gris
840,741,0189 MKT,Gris
841,742,2374 LVN,Negro
842,743,4866 BCR,Plateado
843,744,J 6742 HC,Plateado
844,745,3198 MPC,Café
845,746,PO 0469 ZL,Negro
846,747,HU 5772 LU,Blanco
847,748,3491 VDB,Gris
848,749,AB 7508 TX,Blanco
849,750,SO 9761 XG,Negro
850,751,7398 JGJ,Plateado
851,752,CE 7800 XW,Plateado
852,753,C 4480 NT,Verde
853,754,5651 VNZ,Verde
854,755,H 8424 MK,Plateado
855,756,8454 WZY,Amarillo
856,757,2207 DWK,Amarillo
857,758,TO 3118 JF,Verde
858,759,SO 9968 DZ,Azul
859,760,7751 RWT,Naranja
860,761,8512 BCC,Azul
861,762,M 6522 WI,Gris
862,763,SO 8367 EN,Gris
863,764,TF 4898 KJ,Naranja
864,765,9427 KNH,Naranja
865,766,L 8405 EH,Naranja
866,767,0403 LBW,Blanco
867,768,5924 MGM,Rojo
868,769,7718 NPL,Azul
869,770,9734 GTR,Azul
870,771,CU 5292 WV,Amarillo
871,772,8653 LLR,Azul
872,773,0144 BRX,Blanco
873,774,8358 CWC,Blanco
874,775,9312 FDS,Café
875,776,0144 RNP,Verde
876,777,6146 NVY,Café
877,778,6309 FLK,Azul
878,779,9431 PHW,Naranja
879,780,C 3852 AK,Azul
880,781,TO 8694 SE,Café
881,782,9264 TVN,Azul
882,783,CA 7045 KG,Blanco
883,784,LO 6524 SC,Verde
884,785,1723 ZNF,Verde
885,786,2983 FGJ,Negro
886,787,CS 6857 AI,Negro
887,788,H 2302 IS,Negro
888,789,1734 WNZ,Negro
889,790,GC 1301 YF,Azul
890,791,GU 6418 DN,Verde
891,792,8306 ZKH,Rojo
892,793,1078 SFM,Café
893,794,CR 1534 CI,Verde
894,795,6055 SDD,Rojo
895,796,1285 NGC,Naranja
896,797,P 0555 FI,Azul
897,798,5616 DHM,Negro
898,799,ZA 9901 ZV,Gris
899,800,2925 XVW,Verde
900,801,4501 BDL,Plateado
901,802,SA 0594 IS,Rojo
902,803,HU 9354 DH,Gris
903,804,TF 8521 UY,Café
904,805,IB 0653 ZW,Azul
905,806,2516 KVM,Blanco
906,807,1184 DFG,Plateado
907,808,C 1523 YN,Gris
908,809,7739 CXW,Amarillo
909,810,OU 0095 KV,Amarillo
910,811,A 7430 IL,Negro
911,812,TE 4052 WL,Naranja
912,813,1740 TFX,Azul
913,814,V 5896 YO,Plateado
914,815,3882 KZM,Verde
915,816,PO 6183 FK,Verde
916,817,1477 VGC,Negro
917,818,4213 ZJW,Café
918,819,3878 XHG,Negro
919,820,1515 NJF,Rojo
920,821,9407 CXP,Café
921,822,6743 DBP,Amarillo
922,823,7617 BYX,Amarillo
923,824,8742 VYM,Gris
924,825,0856 RJL,Rojo
925,826,C 6247 AH,Gris
926,827,9874 JVM,Rojo
927,828,OR 5454 WY,Naranja
928,829,T 8752 CD,Plateado
929,830,6662 XXP,Rojo
930,831,LO 2313 PF,Azul
931,832,V 5598 FE,Plateado
932,833,A 6134 LZ,Rojo
933,834,VI 9254 FE,Gris
934,835,BA 2289 KU,Plateado
935,836,0462 MFG,Negro
936,837,SS 2583 IT,Verde
937,838,SG 7725 GJ,Verde
938,839,MU 0560 DJ,Azul
939,840,M 8387 ZU,Rojo
940,841,0874 LCL,Café
941,842,LE 6321 HP,Gris
942,843,NA 9472 OH,Amarillo
943,844,0200 MBJ,Azul
944,845,7012 KMY,Plateado
945,846,B 9882 JA,Gris
946,847,SO 8746 SW,Amarillo
947,848,T 4772 VM,Rojo
948,849,CA 3945 AW,Naranja
949,850,8411 RHG,Verde
950,851,5432 GML,Verde
951,852,CO 2026 JC,Plateado
952,853,6975 HPG,Azul
953,854,3980 XGL,Gris
954,855,T 6374 GN,Plateado
955,856,6703 GGH,Plateado
956,857,PM 0653 YA,Rojo
957,858,3959 XYP,Café
958,859,0205 FGH,Naranja
959,860,TF 9098 IX,Café
960,861,CC 7956 OY,Negro
961,862,ML 0750 UZ,Azul
962,863,0382 ZFB,Azul
963,864,TO 5695 JM,Verde
964,865,PM 0893 IH,Rojo
965,866,CR 9646 AL,Rojo
966,867,9408 XDM,Gris
967,868,VI 6049 OP,Naranja
968,869,6122 VGK,Negro
969,870,AL 5616 KV,Naranja
970,871,TE 1417 PY,Plateado
971,872,3233 WRM,Negro
972,873,7133 WNW,Verde
973,874,2223 KHZ,Café
974,875,1665 MYH,Amarillo
975,876,7926 XXD,Plateado
976,877,8733 NTM,Verde
977,878,MA 6684 JA,Gris
978,879,VI 4804 NX,Rojo
979,880,0841 XVW,Azul
980,881,4417 HXV,Blanco
981,882,1258 GFD,Blanco
982,883,3551 PYD,Verde
983,884,7564 KDG,Café
984,885,MU 2007 ZL,Gris
985,886,L 5451 KV,Rojo
986,887,BI 6850 AN,Negro
987,888,PO 9286 TC,Negro
988,889,1955 YJS,Plateado
989,890,T 6502 EB,Naranja
990,891,8614 FRM,Verde
991,892,MA 1750 DM,Rojo
992,893,7362 ZWG,Blanco
993,894,4322 HKR,Plateado
994,895,2869 MNP,Gris
995,896,CO 2078 NH,Verde
996,897,HU 0944 OY,Azul
997,898,AL 1597 FP,Azul
998,899,CR 2905 VV,Gris
999,900,2232 GSM,Negro
1000,901,A 5009 PG,Amarillo
1001,902,A 3365 DN,Azul
1002,903,1572 DBL,Plateado
1003,904,GC 0356 DK,Plateado
1004,905,GR 4439 XK,Gris
1005,906,AV 5540 SJ,Azul
1006,907,CC 0267 ZE,Café
1007,908,V 1946 FT,Amarillo
1008,909,9664 SYY,Naranja
1009,910,GU 3810 ID,Naranja
1010,911,4700 KGN,Negro
1011,912,GR 2244 CI,Gris
1012,913,VA 6727 FB,Rojo
1013,914,2042 HNT,Rojo
1014,915,5346 SYM,Verde
1015,916,CO 4465 FE,Naranja
1016,917,9874 ZVV,Verde
1017,918,2296 ZHL,Gris
1018,919,MU 5369 LY,Blanco
1019,920,3781 JSG,Negro
1020,921,B 1133 MX,Rojo
1021,922,CA 0444 BK,Blanco
1022,923,CA 0567 GG,Amarillo
1023,924,3392 BLV,Café
1024,925,IB 9568 PS,Plateado
1025,926,M 1598 UK,Negro
1026,927,CO 5175 VC,Plateado
1027,928,GU 4304 YL,Negro
1028,929,BI 2661 MX,Rojo
1029,930,2890 VTH,Café
1030,931,CR 1103 BE,Gris
1031,932,ML 5747 GA,Rojo
1032,933,8559 XND,Azul
1033,934,5435 GYF,Verde
1034,935,1203 KKW,Amarillo
1035,936,6403 NJD,Negro
1036,937,BI 9039 EK,Negro
1037,938,0529 DFM,Plateado
1038,939,1082 RZZ,Naranja
1039,940,1261 CVF,Azul
1040,941,6007 CSN,Verde
1041,942,1930 PCM,Naranja
1042,943,8634 BVJ,Amarillo
1043,944,1384 DSJ,Blanco
1044,945,6820 RVW,Verde
1045,946,4574 LHZ,Café
1046,947,6099 VTV,Negro
1047,948,S 1920 IY,Verde
1048,949,8821 XXD,Gris
1049,950,AL 1431 PX,Café
1050,951,9508 FWF,Plateado
1051,952,A 2484 UL,Rojo
1052,953,HU 8496 KN,Naranja
1053,954,CR 8673 ZK,Rojo
1054,955,P 9553 PF,Gris
1055,956,3917 WSS,Blanco
1056,957,5703 MNS,Negro
1057,958,8284 CMH,Plateado
1058,959,2737 WRJ,Café
1059,960,2905 BDG,Gris
1060,961,LE 9243 WV,Café
1061,962,2101 YXR,Amarillo
1062,963,AV 0284 OM,Café
1063,964,SA 9276 FY,Plateado
1064,965,7373 SHL,Blanco
1065,966,1724 TFS,Blanco
1066,967,ZA 0730 CT,Café
1067,968,4402 YCJ,Naranja
1068,969,0833 NXK,Naranja
1069,970,VA 4051 TV,Azul
1070,971,6757 KTP,Gris
1071,972,A 4661 NL,Café
1072,973,O 1218 FZ,Verde
1073,974,3168 JWM,Blanco
1074,975,OR 5082 KH,Blanco
1075,976,O 8519 PW,Plateado
1076,977,NA 4113 SY,Plateado
1077,978,OR 2780 NC,Gris
1078,979,4496 LXK,Rojo
1079,980,IB 5239 LF,Café
1080,981,PM 2358 XG,Negro
1081,982,7620 TFS,Blanco
1082,983,T 1095 LS,Gris
1083,984,HU 2184 DY,Naranja
1084,985,OU 9864 MN,Blanco
1085,986,HU 6693 BV,Azul
1086,987,CS 3704 UG,Naranja
1087,988,T 2292 MC,Verde
1088,989,0169 FVT,Negro
1089,990,TE 3585 YN,Blanco
1090,991,PM 1382 EJ,Blanco
1091,992,9587 YRW,Naranja
1092,993,0667 DZN,Naranja
1093,994,HU 0629 OY,Gris
1094,995,0994 YNS,Amarillo
1095,996,ML 5210 ZY,Naranja
1096,997,GI 2220 OA,Gris
1097,998,5789 ZPM,Blanco
1098,999,7957 KBT,Rojo
1099,1000,CA 9092 PE,Café
1100,1001,0206 KFK,Blanco
1101,1002,BU 4598 EB,Gris
1102,1003,4302 MRS,Blanco
1103,1004,O 4375 ZZ,Naranja
1104,1005,VA 0852 JH,Café
1105,1006,OU 0725 XK,Naranja
1106,1007,9676 CKX,Amarillo
1107,1008,4587 BZC,Gris
1108,1009,6674 FBB,Plateado
1109,1010,6144 FBR,Verde
1110,1011,HU 5473 IY,Blanco
1111,1012,Z 3745 VI,Naranja
1112,1013,SO 7895 DD,Blanco
1113,1014,1082 LFK,Gris
1114,1015,8801 TLS,Verde
1115,1016,9951 MBF,Café
1116,1017,0006 ZTT,Negro
1117,1018,SE 9277 KM,Plateado
1118,1019,7739 CYH,Verde
1119,1020,7634 WPC,Café
1120,1021,1188 CJV,Amarillo
1121,1022,1656 JGM,Verde
1122,1023,5522 LFV,Amarillo
1123,1024,5063 PSP,Verde
1124,1025,8817 KRX,Gris
1125,1026,AB 2343 GA,Rojo
1126,1027,GI 5017 YU,Rojo
1127,1028,CC 8798 HG,Blanco
1128,1029,3932 KYM,Azul
1129,1030,SO 0433 ZH,Naranja
1130,1031,TO 3126 PK,Verde
1131,1032,BU 6121 JL,Naranja
1132,1033,8588 CWH,Blanco
1133,1034,8534 JJM,Rojo
1134,1035,1839 HNC,Azul
1135,1036,GE 1809 OS,Verde
1136,1037,7811 XSL,Negro
1137,1038,1112 BZW,Gris
1138,1039,J 7946 BL,Plateado
1139,1040,6009 KKD,Café
1140,1041,LU 8770 VX,Negro
1141,1042,P 1539 YZ,Naranja
1142,1043,5117 MMR,Rojo
1143,1044,TE 2953 XJ,Verde
1144,1045,0653 KNN,Naranja
1145,1046,ZA 2925 II,Blanco
1146,1047,1975 NYP,Café
1147,1048,Z 6193 OX,Verde
1148,1049,CU 9493 DA,Rojo
1149,1050,9243 MXC,Amarillo
1150,1051,AV 0725 IG,Verde
1151,1052,0210 HMN,Verde
1152,1053,5073 DPH,Plateado
1153,1054,SG 6792 SY,Plateado
1154,1055,SE 3470 CH,Blanco
1155,1056,4859 WBN,Rojo
1156,1057,LO 7340 LE,Negro
1157,1058,TO 4278 WN,Verde
1158,1059,CA 9232 OM,Negro
1159,1060,9971 YDJ,Gris
1160,1061,ZA 6669 EG,Naranja
1161,1062,M 5164 CL,Negro
1162,1063,5437 XXX,Verde
1163,1064,5578 RGK,Naranja
1164,1065,7386 DBY,Azul
1165,1066,3270 SHH,Café
1166,1067,5682 BYR,Azul
1167,1068,PO 4706 DV,Blanco
1168,1069,BU 0992 DM,Verde
1169,1070,1595 ZTJ,Café
1170,1071,CA 2846 OJ,Gris
1171,1072,Z 4087 ST,Negro
1172,1073,SO 5296 NT,Verde
1173,1074,HU 2359 MX,Plateado
1174,1075,9190 SNX,Verde
1175,1076,9098 SXF,Amarillo
1176,1077,2222 ZLY,Verde
1177,1078,PM 0748 MJ,Blanco
1178,1079,S 0457 XD,Blanco
1179,1080,CC 9847 SG,Naranja
1180,1081,5917 GWD,Café
1181,1082,TE 0469 GM,Plateado
1182,1083,PO 2626 UU,Rojo
1183,1084,9486 RBC,Naranja
1184,1085,5168 XWN,Gris
1185,1086,0701 SPV,Plateado
1186,1087,1891 CCF,Amarillo
1187,1088,7769 JNT,Azul
1188,1089,6596 KRN,Gris
1189,1090,M 2895 EX,Plateado
1190,1091,TE 1933 PG,Negro
1191,1092,L 4180 ZW,Amarillo
1192,1093,LE 1277 PH,Gris
1193,1094,9914 LKW,Gris
1194,1095,S 2513 JI,Azul
1195,1096,GC 0562 VL,Plateado
1196,1097,MA 6539 AJ,Amarillo
1197,1098,5957 PXT,Azul
1198,1099,ML 2254 ZJ,Blanco
1199,1100,BA 4827 ME,Rojo
1200,1101,TF 4779 VF,Rojo
1201,1102,5140 XRZ,Blanco
1202,1103,O 6721 TK,Café
1203,1104,5318 WNN,Café
1204,1105,7571 PDW,Café
1205,1106,0343 VCD,Blanco
1206,1107,6850 YCH,Naranja
1207,1108,OU 8276 GV,Blanco
1208,1109,S 9917 AZ,Azul
1209,1110,CS 3163 BZ,Amarillo
1210,1111,CO 8116 BN,Plateado
1211,1112,LO 9721 CI,Gris
1212,1113,6755 FZG,Negro
1213,1114,GI 9909 XE,Café
1214,1115,ML 0273 IZ,Amarillo
1215,1116,9987 LBD,Rojo
1216,1117,BA 3633 CS,Gris
1217,1118,6997 ZDL,Verde
1218,1119,V 7957 WK,Amarillo
1219,1120,SO 1427 DK,Blanco
1220,1121,PM 2517 GN,Amarillo
1221,1122,6093 VXC,Rojo
1222,1123,8000 KLW,Gris
1223,1124,AB 9251 VN,Azul
1224,1125,8654 HHR,Café
1225,1126,NA 1396 OE,Naranja
1226,1127,BI 7503 ZA,Plateado
1227,1128,3841 SVP,Amarillo
1228,1129,LE 2230 SO,Plateado
1229,1130,NA 1945 DO,Blanco
1230,1131,3768 VMZ,Gris
1231,1132,6455 SDD,Café
1232,1133,B 7014 CE,Rojo
1233,1134,AV 9939 JL,Gris
1234,1135,CR 0886 TA,Gris
1235,1136,7563 XSY,Azul
1236,1137,1790 RKN,Amarillo
1237,1138,IB 7533 FZ,Amarillo
1238,1139,6678 WCP,Café
1239,1140,0712 TLY,Blanco
1240,1141,TF 5122 HC,Amarillo
1241,1142,4302 ZKX,Plateado
1242,1143,GE 2016 HJ,Verde
1243,1144,8195 BRY,Plateado
1244,1145,7747 VCF,Gris
1245,1146,BI 7353 NJ,Gris
1246,1147,4907 PVW,Café
1247,1148,7156 GWN,Amarillo
1248,1149,7536 KXK,Azul
1249,1150,2060 MYL,Rojo
1250,1151,0312 NSW,Naranja
1251,1152,M 5074 YA,Blanco
1252,1153,Z 7925 AN,Blanco
1253,1154,V 6573 HM,Plateado
1254,1155,SA 8299 PF,Plateado
1255,1156,HU 2936 WC,Amarillo
1256,1157,A 5530 KP,Blanco
1257,1158,0193 MGY,Amarillo
1258,1159,AV 8126 NP,Gris
1259,1160,8154 PKR,Verde
1260,1161,GI 5619 YE,Rojo
1261,1162,CS 5258 AB,Negro
1262,1163,5407 XYB,Negro
1263,1164,AB 0103 VS,Amarillo
1264,1165,VA 2218 CY,Azul
1265,1166,TO 0732 BV,Plateado
1266,1167,3858 FJK,Verde
1267,1168,BA 0640 XC,Gris
1268,1169,A 3854 AY,Gris
1269,1170,S 9474 IV,Naranja
1270,1171,GR 8705 KS,Café
1271,1172,6176 FJK,Blanco
1272,1173,TO 1264 DZ,Blanco
1273,1174,BA 9677 MC,Plateado
1274,1175,BU 8011 OV,Café
1275,1176,4000 KRG,Gris
1276,1177,C 9848 ZC,Negro
1277,1178,8409 FDG,Verde
1278,1179,IB 1095 OE,Azul
1279,1180,H 2939 OT,Verde
1280,1181,4972 GHW,Naranja
1281,1182,NA 4189 VV,Negro
1282,1183,3249 RZF,Amarillo
1283,1184,B 5662 LV,Verde
1284,1185,9288 YYM,Café
1285,1186,VA 0831 II,Café
1286,1187,NA 0543 LP,Plateado
1287,1188,4652 XZJ,Gris
1288,1189,BA 9799 CP,Rojo
1289,1190,C 8498 CZ,Naranja
1290,1191,CO 2818 GX,Naranja
1291,1192,6127 JRT,Café
1292,1193,CU 7230 JS,Amarillo
1293,1194,7208 DBS,Verde
1294,1195,8775 GFS,Gris
1295,1196,LE 1627 PV,Verde
1296,1197,O 8480 PJ,Azul
1297,1198,PM 8477 KK,Rojo
1298,1199,LE 4950 LK,Verde
1299,1200,VI 0020 XE,Plateado
1300,1201,M 0531 PW,Plateado
1301,1202,M 6517 AL,Naranja
1302,1203,AL 3330 ET,Gris
1303,1204,6257 CNV,Café
1304,1205,CR 3192 HL,Rojo
1305,1206,M 1537 AO,Plateado
1306,1207,BU 3686 BE,Negro
1307,1208,O 1159 VJ,Amarillo
1308,1209,TF 4623 NF,Blanco
1309,1210,GI 7668 UI,Naranja
1310,1211,PM 2232 TN,Azul
1311,1212,8187 RGJ,Naranja
1312,1213,3955 LLG,Rojo
1313,1214,P 5604 EV,Naranja
1314,1215,8130 VMM,Verde
1315,1216,MA 3760 YO,Rojo
1316,1217,4925 PNZ,Azul
1317,1218,T 3726 SD,Blanco
1318,1219,TO 8071 JP,Azul
1319,1220,CC 9440 WY,Amarillo
1320,1221,5554 RFS,Gris
1321,1222,7487 RTV,Gris
1322,1223,CA 6637 VG,Rojo
1323,1224,SE 1843 FM,Blanco
1324,1225,1263 LNZ,Naranja
1325,1226,7275 NTD,Amarillo
1326,1227,OU 6017 HL,Naranja
1327,1228,CC 7930 PS,Azul
1328,1229,9250 CNH,Café
1329,1230,2261 NMY,Plateado
1330,1231,1471 RPJ,Negro
1331,1232,2665 NZG,Gris
1332,1233,C 0615 OZ,Rojo
1333,1234,HU 2265 UB,Plateado
1334,1235,AB 2050 AT,Azul
1335,1236,7593 BPL,Rojo
1336,1237,9734 LBK,Blanco
1337,1238,9635 GHH,Verde
1338,1239,4069 SRG,Amarillo
1339,1240,BI 4432 MK,Amarillo
1340,1241,V 0925 FA,Verde
1341,1242,GU 7058 OM,Blanco
1342,1243,OR 0140 CY,Plateado
1343,1244,5156 MRZ,Blanco
1344,1245,PM 2964 AD,Plateado
1345,1246,NA 1276 CT,Plateado
1346,1247,3311 THB,Blanco
1347,1248,PM 8896 SM,Azul
1348,1249,1499 WGZ,Gris
1349,1250,2012 LJP,Blanco
1350,1251,9220 JSW,Café
1351,1252,4320 ZTB,Negro
1352,1253,3693 YGL,Gris
1353,1254,BU 6531 CT,Verde
1354,1255,9173 RZV,Blanco
1355,1256,P 8339 ZC,Azul
1356,1257,9869 BKZ,Azul
1357,1258,CC 4438 DV,Blanco
1358,1259,CE 2705 WK,Café
1359,1260,VA 3653 FC,Amarillo
1360,1261,M 9874 TU,Azul
1361,1262,AB 0116 TV,Blanco
1362,1263,AV 1023 CX,Verde
1363,1264,8738 BVW,Rojo
1364,1265,4368 HVJ,Azul
1365,1266,CU 0491 NB,Azul
1366,1267,CU 1624 XA,Café
1367,1268,6296 BZG,Naranja
1368,1269,2259 GKF,Plateado
1369,1270,1820 MMW,Gris
1370,1271,PM 3705 NG,Gris
1371,1272,A 5032 YC,Negro
1372,1273,0581 RBD,Azul
1373,1274,5133 DVC,Plateado
1374,1275,1197 MRD,Café
1375,1276,CU 3728 SA,Blanco
1376,1277,9119 MND,Plateado
1377,1278,1287 MNH,Negro
1378,1279,7814 WXC,Azul
1379,1280,MU 5072 VX,Plateado
1380,1281,V 7794 CN,Blanco
1381,1282,0043 KBY,Azul
1382,1283,6515 VXW,Café
1383,1284,0177 MKK,Verde
1384,1285,2189 RYK,Rojo
1385,1286,8617 YJH,Verde
1386,1287,9634 YTR,Rojo
1387,1288,ZA 2248 XP,Gris
1388,1289,8272 WCF,Gris
1389,1290,1737 JCG,Plateado
1390,1291,1275 FVZ,Café
1391,1292,2466 DZK,Café
1392,1293,ML 3717 NJ,Azul
1393,1294,4739 WDM,Café
1394,1295,P 4725 JE,Azul
1395,1296,2907 WJM,Blanco
1396,1297,HU 3365 TH,Rojo
1397,1298,1000 NSX,Verde
1398,1299,8310 PKJ,Naranja
1399,1300,0107 CJD,Blanco
1400,1301,H 6961 ME,Gris
1401,1302,C 9191 KU,Café
1402,1303,0693 GLJ,Verde
1403,1304,Z 9972 DJ,Gris
1404,1305,O 1609 VV,Gris
1405,1306,NA 7763 IC,Naranja
1406,1307,SE 6187 GD,Naranja
1407,1308,8816 BCS,Verde
1408,1309,4709 SXS,Verde
1409,1310,9563 DCK,Verde
1410,1311,PM 2541 DC,Plateado
1411,1312,OU 5836 BE,Amarillo
1412,1313,P 0074 SL,Verde
1413,1314,LU 0438 JB,Plateado
1414,1315,A 1700 BF,Plateado
1415,1316,5182 TLB,Blanco
1416,1317,PM 9603 WG,Verde
1417,1318,H 3930 IC,Amarillo
1418,1319,LE 2080 MH,Azul
1419,1320,H 4713 BZ,Blanco
1420,1321,M 6638 DS,Rojo
1421,1322,SO 0958 UF,Rojo
1422,1323,0550 VRX,Verde
1423,1324,9947 PGV,Gris
1424,1325,4661 PTC,Verde
1425,1326,TE 3506 TD,Gris
1426,1327,5109 NXN,Blanco
1427,1328,4103 WGB,Negro
1428,1329,8526 NWV,Gris
1429,1330,9887 BMX,Negro
1430,1331,2822 ZHP,Blanco
1431,1332,AB 4697 AH,Rojo
1432,1333,T 6084 HS,Rojo
1433,1334,B 1297 ES,Café
1434,1335,TO 5974 AO,Azul
1435,1336,OR 9388 XK,Amarillo
1436,1337,9447 SBG,Verde
1437,1338,M 0582 XA,Azul
1438,1339,0906 TYN,Gris
1439,1340,1381 PZS,Naranja
1440,1341,9813 CBJ,Amarillo
1441,1342,CA 9856 HN,Blanco
1442,1343,1174 HCR,Blanco
1443,1344,2332 NRB,Café
1444,1345,LO 3807 NP,Naranja
1445,1346,8285 FYR,Negro
1446,1347,T 6891 AX,Naranja
1447,1348,7302 GBC,Blanco
1448,1349,7838 ZCW,Amarillo
1449,1350,0469 YBG,Gris
1450,1351,3731 BRL,Café
1451,1352,O 8107 CM,Gris
1452,1353,9763 WRD,Rojo
1453,1354,AV 6869 CM,Rojo
1454,1355,TO 5926 NK,Plateado
1455,1356,SE 8417 AC,Negro
1456,1357,TO 3421 VH,Negro
1457,1358,0171 ZBJ,Gris
1458,1359,SE 8255 AF,Verde
1459,1360,LE 5979 LT,Verde
1460,1361,LE 4914 KY,Negro
1461,1362,2776 RVG,Amarillo
1462,1363,6200 LVV,Verde
1463,1364,BA 0756 PT,Café
1464,1365,MU 4191 BB,Naranja
1465,1366,4329 WPY,Amarillo
1466,1367,1430 GVP,Café
1467,1368,4942 LGG,Negro
1468,1369,CR 0877 AO,Azul
1469,1370,SG 0032 KF,Gris
1470,1371,SO 9481 MT,Verde
1471,1372,L 4236 FY,Café
1472,1373,7094 FGH,Rojo
1473,1374,B 4324 PG,Rojo
1474,1375,B 4221 BE,Rojo
1475,1376,HU 5447 YM,Rojo
1476,1377,TF 8055 JN,Plateado
1477,1378,VA 7242 NL,Naranja
1478,1379,3619 ZNT,Azul
1479,1380,CC 0252 EU,Gris
1480,1381,A 0796 TK,Plateado
1481,1382,1426 JVX,Naranja
1482,1383,3630 BMH,Verde
1483,1384,IB 4344 PX,Naranja
1484,1385,8761 CDX,Gris
1485,1386,7441 XSJ,Café
1486,1387,GI 9819 UO,Negro
1487,1388,0885 KCF,Naranja
1488,1389,8201 JPJ,Azul
1489,1390,GE 4183 UK,Rojo
1490,1391,P 1816 NV,Gris
1491,1392,O 0854 LI,Azul
1492,1393,6654 TXB,Naranja
1493,1394,AB 3536 EP,Gris
1494,1395,9895 DJD,Azul
1495,1396,5987 FCT,Verde
1496,1397,6944 KCJ,Café
1497,1398,3689 JDG,Verde
1498,1399,VA 3213 FX,Negro
1499,1400,CA 0319 GF,Negro
1500,1401,PM 5396 YP,Naranja
1501,1402,H 7141 CT,Gris
1502,1403,BU 7260 CP,Rojo
1503,1404,A 0366 PK,Verde
1504,1405,L 2295 WO,Café
1505,1406,2850 JDT,Amarillo
1506,1407,HU 9690 JC,Gris
1507,1408,CA 2739 TO,Amarillo
1508,1409,L 6063 MJ,Negro
1509,1410,3489 GXC,Negro
1510,1411,4157 XNB,Amarillo
1511,1412,7695 RPZ,Café
1512,1413,A 4679 NV,Negro
1513,1414,LU 3262 VS,Café
1514,1415,SA 5633 ZG,Naranja
1515,1416,7610 MPR,Negro
1516,1417,5451 KMG,Café
1517,1418,ML 8717 PJ,Café
1518,1419,C 9185 VI,Naranja
1519,1420,5595 RXM,Rojo
1520,1421,2879 DVK,Azul
1521,1422,6434 LWX,Café
1522,1423,1289 TZH,Verde
1523,1424,6671 MSN,Rojo
1524,1425,A 6176 SL,Verde
1525,1426,OU 8055 CO,Café
1526,1427,IB 3144 VP,Negro
1527,1428,7928 DZZ,Azul
1528,1429,8128 KWD,Naranja
1529,1430,GU 5998 MB,Verde
1530,1431,7210 TYJ,Verde
1531,1432,J 7513 JL,Blanco
1532,1433,MU 1120 MD,Café
1533,1434,AV 3047 TL,Azul
1534,1435,CC 7856 GF,Negro
1535,1436,VA 6272 XJ,Rojo
1536,1437,5533 TCR,Azul
1537,1438,6174 WSP,Rojo
1538,1439,PO 4849 HV,Verde
1539,1440,9313 JPH,Plateado
1540,1441,1610 NPR,Azul
1541,1442,LU 0748 HU,Café
1542,1443,SS 8447 NA,Rojo
1543,1444,9017 GSH,Amarillo
1544,1445,2313 CDR,Plateado
1545,1446,4428 HWY,Blanco
1546,1447,9021 HJR,Café
1547,1448,LU 9737 GE,Negro
1548,1449,T 7478 PO,Blanco
1549,1450,TO 9548 DA,Café
1550,1451,HU 8130 IH,Gris
1551,1452,3138 SKZ,Café
1552,1453,CU 6869 GC,Rojo
1553,1454,1627 FGG,Plateado
1554,1455,9727 GKY,Gris
1555,1456,7594 XKZ,Verde
1556,1457,GI 3931 BF,Café
1557,1458,2160 DMZ,Café
1558,1459,CS 2066 VN,Café
1559,1460,5195 YXS,Azul
1560,1461,1577 PLN,Verde
1561,1462,BA 3968 LH,Azul
1562,1463,HU 7792 XG,Verde
1563,1464,8737 TCZ,Azul
1564,1465,9085 VBL,Café
1565,1466,4258 LLD,Café
1566,1467,Z 2287 MM,Rojo
1567,1468,4292 KWS,Naranja
1568,1469,6557 GCV,Negro
1569,1470,LE 5458 TD,Verde
1570,1471,7036 KPG,Amarillo
1571,1472,LU 0616 FD,Verde
1572,1473,8478 PNK,Gris
1573,1474,SA 5593 FX,Verde
1574,1475,GE 2332 JV,Naranja
1575,1476,6329 TPM,Negro
1576,1477,B 6159 TS,Negro
1577,1478,3159 JNH,Azul
1578,1479,SE 8800 ET,Amarillo
1579,1480,HU 8985 WS,Naranja
1580,1481,2968 ZRB,Verde
1581,1482,TO 0223 ZE,Café
1582,1483,0925 PZN,Gris
1583,1484,6928 TPN,Azul
1584,1485,3114 MSH,Rojo
1585,1486,7132 PFG,Verde
1586,1487,5720 XBB,Verde
1587,1488,Z 6898 YM,Verde
1588,1489,SE 5289 HK,Amarillo
1589,1490,2270 WLR,Naranja
1590,1491,GI 0688 CX,Verde
1591,1492,2872 KKW,Rojo
1592,1493,2147 WFF,Gris
1593,1494,AV 7242 NK,Negro
1594,1495,6985 WPK,Amarillo
1595,1496,2825 ZCC,Gris
1596,1497,3479 FWN,Verde
1597,1498,S 8677 SW,Negro
1598,1499,PO 3792 EH,Gris
1599,1500,1276 PWH,Gris
1600,1501,CO 6035 YV,Azul
1601,1502,2686 ZXD,Negro
1602,1503,0978 PLP,Gris
1603,1504,A 2828 JD,Café
1604,1505,6859 VKK,Naranja
1605,1506,MU 1643 SK,Rojo
1606,1507,5674 GRD,Café
1607,1508,GU 3493 GD,Blanco
1608,1509,7871 HHD,Plateado
1609,1510,HU 4082 UY,Verde
1610,1511,GI 6989 ZZ,Blanco
1611,1512,ML 6444 WV,Negro
1612,1513,GR 0920 FX,Rojo
1613,1514,GI 2067 FE,Azul
1614,1515,BA 5675 EI,Verde
1615,1516,7433 WRY,Blanco
1616,1517,GC 1887 IJ,Naranja
1617,1518,8303 TDW,Gris
1618,1519,9279 MJS,Gris
1619,1520,1866 YFF,Rojo
1620,1521,6938 VMN,Plateado
1621,1522,4681 FNC,Rojo
1622,1523,3985 XLG,Plateado
1623,1524,5295 GTX,Azul
1624,1525,7496 HZD,Verde
1625,1526,7638 SGH,Blanco
1626,1527,GU 7251 VK,Amarillo
1627,1528,TF 2271 JO,Naranja
1628,1529,3316 ZTT,Amarillo
1629,1530,TE 2358 YI,Rojo
1630,1531,4283 ZNC,Rojo
1631,1532,0539 PGF,Blanco
1632,1533,9127 HFM,Azul
1633,1534,CE 0700 EZ,Rojo
1634,1535,6185 ZXG,Naranja
1635,1536,AL 6785 WY,Amarillo
1636,1537,1742 VNW,Gris
1637,1538,ZA 0061 EA,Amarillo
1638,1539,ZA 6062 ZE,Blanco
1639,1540,Z 5876 OZ,Negro
1640,1541,GR 6072 YT,Rojo
1641,1542,IB 7638 MD,Verde
1642,1543,TO 1091 UO,Rojo
1643,1544,5149 XDH,Café
1644,1545,7313 MSY,Plateado
1645,1546,LU 2964 UK,Plateado
1646,1547,2155 BNG,Negro
1647,1548,0962 CSX,Amarillo
1648,1549,8200 MTV,Blanco
1649,1550,2112 FHJ,Naranja
1650,1551,CC 7450 ZP,Plateado
1651,1552,0982 RYN,Azul
1652,1553,5888 MYK,Negro
1653,1554,CU 2971 LC,Gris
1654,1555,CR 3360 CS,Gris
1655,1556,NA 1638 PN,Naranja
1656,1557,IB 4032 UU,Rojo
1657,1558,TF 5918 FH,Azul
1658,1559,5386 LSN,Plateado
1659,1560,CR 1241 WM,Naranja
1660,1561,1994 NMV,Gris
1661,1562,GE 4950 VG,Rojo
1662,1563,MU 8124 LJ,Gris
1663,1564,5124 YGR,Café
1664,1565,CE 2536 KY,Blanco
1665,1566,6134 JTK,Amarillo
1666,1567,PM 9114 OX,Rojo
1667,1568,OR 0838 BA,Blanco
1668,1569,3987 RHH,Azul
1669,1570,M 6679 WW,Gris
1670,1571,9415 XCJ,Verde
1671,1572,CR 4884 DH,Negro
1672,1573,CC 9455 WM,Rojo
1673,1574,8185 ZJZ,Amarillo
1674,1575,LE 6216 OG,Verde
1675,1576,2872 GRG,Café
1676,1577,0704 ZBX,Rojo
1677,1578,SS 2377 VL,Café
1678,1579,3139 LKX,Blanco
1679,1580,LU 5509 KM,Verde
1680,1581,Z 4675 GY,Café
1681,1582,SS 7446 GK,Café
1682,1583,B 1976 ZC,Negro
1683,1584,4390 XDT,Amarillo
1684,1585,6659 MPG,Azul
1685,1586,BI 1509 BP,Plateado
1686,1587,M 0718 DC,Blanco
1687,1588,SG 7020 CU,Blanco
1688,1589,8928 LJF,Negro
1689,1590,CA 1833 LN,Rojo
1690,1591,0452 TPN,Verde
1691,1592,L 6377 KZ,Naranja
1692,1593,0800 NJD,Gris
1693,1594,4426 VTD,Amarillo
1694,1595,4932 TJC,Naranja
1695,1596,3107 LJV,Amarillo
1696,1597,AL 2234 EH,Naranja
1697,1598,1814 VNB,Gris
1698,1599,2747 HDC,Naranja
1699,1600,4827 BXM,Gris
1700,1601,7773 VKP,Blanco
1701,1602,0415 MWD,Negro
1702,1603,CU 7680 OC,Plateado
1703,1604,4763 FTF,Azul
1704,1605,PO 3210 BC,Rojo
1705,1606,3535 WVH,Blanco
1706,1607,LU 3507 TI,Café
1707,1608,A 7254 AE,Café
1708,1609,8722 JJC,Negro
1709,1610,9348 NCW,Azul
1710,1611,CR 1288 DT,Verde
1711,1612,MA 4536 VD,Naranja
1712,1613,GC 1808 NE,Gris
1713,1614,9661 XCH,Café
1714,1615,V 6641 LL,Rojo
1715,1616,1443 PCC,Blanco
1716,1617,5883 VWX,Amarillo
1717,1618,0394 BCB,Rojo
1718,1619,Z 1732 ZD,Amarillo
1719,1620,1321 HFX,Negro
1720,1621,1716 VKC,Verde
1721,1622,7194 VVK,Gris
1722,1623,7102 WMD,Amarillo
1723,1624,6635 NCM,Gris
1724,1625,LE 0241 MG,Azul
1725,1626,7282 YRW,Amarillo
1726,1627,8387 KTR,Plateado
1727,1628,4611 XGN,Gris
1728,1629,3473 RMJ,Negro
1729,1630,A 4641 ZD,Amarillo
1730,1631,2026 RZJ,Negro
1731,1632,HU 1301 OB,Negro
1732,1633,O 0020 SJ,Gris
1733,1634,CA 6550 SH,Gris
1734,1635,4276 JTD,Azul
1735,1636,BA 3602 KM,Naranja
1736,1637,O 3507 IO,Rojo
1737,1638,7996 BCM,Café
1738,1639,LO 8003 FA,Gris
1739,1640,LO 7131 GB,Gris
1740,1641,HU 3570 AO,Azul
1741,1642,0256 CCH,Azul
1742,1643,1871 NCP,Verde
1743,1644,8052 LYC,Plateado
1744,1645,IB 2306 XO,Azul
1745,1646,TF 0046 NF,Azul
1746,1647,5535 XLJ,Naranja
1747,1648,1705 BGP,Azul
1748,1649,3931 YYS,Naranja
1749,1650,5819 HJW,Azul
1750,1651,1125 BDF,Rojo
1751,1652,0770 KCZ,Rojo
1752,1653,CU 6248 SX,Rojo
1753,1654,2618 GCF,Café
1754,1655,4621 GJW,Café
1755,1656,5661 GFX,Negro
1756,1657,6411 HSS,Rojo
1757,1658,TO 8301 JL,Café
1758,1659,5144 MWS,Café
1759,1660,9354 RJF,Negro
1760,1661,7596 VKJ,Negro
1761,1662,TO 0201 CJ,Rojo
1762,1663,1119 YWT,Rojo
1763,1664,SG 1925 MX,Negro
1764,1665,H 1126 TV,Café
1765,1666,0632 YFZ,Blanco
1766,1667,2484 FHH,Verde
1767,1668,J 2077 MJ,Verde
1768,1669,4306 FJZ,Amarillo
1769,1670,T 4922 LA,Negro
1770,1671,S 0100 WN,Naranja
1771,1672,LE 0479 PD,Verde
1772,1673,2011 WYD,Rojo
1773,1674,MU 4071 BC,Rojo
1774,1675,2618 SVC,Amarillo
1775,1676,V 5120 PA,Negro
1776,1677,5126 FFL,Plateado
1777,1678,3745 YKT,Naranja
1778,1679,1658 MLH,Rojo
1779,1680,4011 NMD,Negro
1780,1681,1598 WWN,Blanco
1781,1682,CO 3051 XD,Naranja
1782,1683,8278 FZZ,Rojo
1783,1684,ZA 5684 OZ,Naranja
1784,1685,0600 HHT,Café
1785,1686,AV 8530 WC,Café
1786,1687,GC 9543 HS,Amarillo
1787,1688,5560 MPN,Blanco
1788,1689,MA 1958 YE,Verde
1789,1690,2641 LRL,Plateado
1790,1691,1867 JPX,Rojo
1791,1692,9225 FSK,Gris
1792,1693,0076 SVL,Café
1793,1694,B 9395 AN,Gris
1794,1695,2850 GLN,Plateado
1795,1696,VA 2128 NP,Negro
1796,1697,L 7967 MY,Blanco
1797,1698,8743 RGY,Gris
1798,1699,NA 3232 LL,Naranja
1799,1700,LO 7870 AZ,Café
1800,1701,IB 3104 TH,Café
1801,1702,2217 FKL,Negro
1802,1703,9433 VSX,Negro
1803,1704,J 5321 GT,Blanco
1804,1705,SS 9054 KW,Verde
1805,1706,6888 PTY,Verde
1806,1707,IB 0366 ZU,Azul
1807,1708,4421 XSX,Amarillo
1808,1709,T 8618 PB,Gris
1809,1710,0621 MMV,Azul
1810,1711,CS 8584 BB,Café
1811,1712,C 4964 IU,Blanco
1812,1713,8247 DRF,Blanco
1813,1714,2256 MGL,Naranja
1814,1715,6953 PCS,Verde
1815,1716,9676 DFC,Plateado
1816,1717,1755 KVG,Azul
1817,1718,PM 9007 US,Negro
1818,1719,7026 CBP,Rojo
1819,1720,TE 6521 ES,Azul
1820,1721,CR 8676 ZK,Gris
1821,1722,6874 VPR,Plateado
1822,1723,5372 XVM,Azul
1823,1724,9604 XNZ,Blanco
1824,1725,BI 4746 PY,Azul
1825,1726,GC 3610 DV,Naranja
1826,1727,O 6852 CW,Plateado
1827,1728,2101 GXM,Rojo
1828,1729,1020 SJB,Gris
1829,1730,A 1738 BE,Negro
1830,1731,5780 TFB,Azul
1831,1732,2190 CKD,Azul
1832,1733,3017 FDG,Azul
1833,1734,OU 8208 CX,Amarillo
1834,1735,M 8075 MJ,Plateado
1835,1736,ZA 6325 OA,Café
1836,1737,OR 9546 WP,Naranja
1837,1738,CC 7274 PW,Azul
1838,1739,LO 6593 LO,Verde
1839,1740,1456 JXD,Amarillo
1840,1741,9209 XZD,Naranja
1841,1742,GI 0423 LK,Naranja
1842,1743,7095 DXM,Verde
1843,1744,SE 6128 SN,Amarillo
1844,1745,8141 YNP,Naranja
1845,1746,TO 2907 BP,Rojo
1846,1747,5796 LBH,Gris
1847,1748,8503 DXD,Blanco
1848,1749,8056 KZK,Azul
1849,1750,AV 6706 YZ,Café
1850,1751,TO 9704 KW,Gris
1851,1752,Z 4522 EG,Rojo
1852,1753,1642 BDY,Gris
1853,1754,3363 NNS,Naranja
1854,1755,O 7922 XM,Blanco
1855,1756,L 0394 FD,Plateado
1856,1757,9055 ZXS,Plateado
1857,1758,CE 5160 KV,Amarillo
1858,1759,7702 XHD,Blanco
1859,1760,C 8342 WN,Rojo
1860,1761,AB 7613 CT,Amarillo
1861,1762,9892 ZJP,Verde
1862,1763,7640 KFB,Azul
1863,1764,B 0579 JS,Café
1864,1765,0852 WDB,Gris
1865,1766,7502 JXJ,Plateado
1866,1767,3342 GWN,Plateado
1867,1768,0566 ZBR,Gris
1868,1769,LU 3605 IX,Rojo
1869,1770,SE 5722 IH,Café
1870,1771,LO 1192 EH,Rojo
1871,1772,GC 7568 XI,Verde
1872,1773,1648 CLY,Plateado
1873,1774,8647 FYX,Blanco
1874,1775,4176 CFD,Rojo
1875,1776,2479 VNY,Verde
1876,1777,6439 HGC,Naranja
1877,1778,CO 6277 SW,Amarillo
1878,1779,VA 6283 FB,Plateado
1879,1780,LO 3358 KO,Negro
1880,1781,C 8104 NI,Azul
1881,1782,LO 6019 YC,Verde
1882,1783,PM 3428 PW,Amarillo
1883,1784,1737 TDH,Verde
1884,1785,9493 PBL,Azul
1885,1786,0012 CBJ,Negro
1886,1787,OR 1217 HD,Blanco
1887,1788,BI 6221 ZS,Negro
1888,1789,CE 1385 VK,Naranja
1889,1790,LO 3258 AC,Gris
1890,1791,5483 XXL,Naranja
1891,1792,3893 YZL,Naranja
1892,1793,GR 8786 WV,Gris
1893,1794,PM 5541 LJ,Negro
1894,1795,3190 JPW,Azul
1895,1796,6434 YCN,Plateado
1896,1797,5046 RWN,Plateado
1897,1798,3474 XZK,Rojo
1898,1799,2341 WYT,Rojo
1899,1800,1964 RBP,Negro
1900,1801,PO 2629 WJ,Café
1901,1802,4793 RVV,Azul
1902,1803,0314 BRX,Verde
1903,1804,3148 KCL,Rojo
1904,1805,NA 6232 MT,Amarillo
1905,1806,L 9296 OP,Plateado
1906,1807,AL 2429 OJ,Negro
1907,1808,1039 DCS,Naranja
1908,1809,MU 8489 WV,Plateado
1909,1810,3184 WYR,Café
1910,1811,0147 MJF,Café
1911,1812,TE 0445 GN,Blanco
1912,1813,PM 1801 HX,Naranja
1913,1814,1023 FFD,Café
1914,1815,7390 DXH,Amarillo
1915,1816,3001 WWR,Rojo
1916,1817,A 1060 OV,Blanco
1917,1818,7088 VWW,Rojo
1918,1819,GR 8986 AH,Plateado
1919,1820,1291 PYB,Café
1920,1821,SE 2562 XB,Blanco
1921,1822,TF 4477 UA,Azul
1922,1823,2936 GVS,Naranja
1923,1824,C 0594 FO,Amarillo
1924,1825,0994 DCP,Negro
1925,1826,3508 YYF,Blanco
1926,1827,6181 LNP,Azul
1927,1828,9393 FZM,Blanco
1928,1829,0557 MWX,Amarillo
1929,1830,5737 ZTN,Azul
1930,1831,2905 NWL,Blanco
1931,1832,5169 HLX,Café
1932,1833,0450 WFW,Plateado
1933,1834,5018 GWW,Gris
1934,1835,ZA 3660 XP,Café
1935,1836,6551 HKC,Negro
1936,1837,0708 WKY,Plateado
1937,1838,SE 6119 LJ,Azul
1938,1839,V 5472 JW,Blanco
1939,1840,CE 2279 SS,Naranja
1940,1841,J 2782 XU,Blanco
1941,1842,9679 XGX,Amarillo
1942,1843,SA 6221 EO,Gris
1943,1844,S 9649 TH,Naranja
1944,1845,CS 5269 WK,Negro
1945,1846,BI 6128 CW,Verde
1946,1847,8637 GYV,Café
1947,1848,2672 PHW,Verde
1948,1849,4515 NCX,Rojo
1949,1850,6554 FKR,Rojo
1950,1851,CE 4302 NP,Verde
1951,1852,PO 9300 ZO,Naranja
1952,1853,PO 9757 YL,Gris
1953,1854,7275 GYC,Negro
1954,1855,6232 BPP,Verde
1955,1856,7232 FVT,Amarillo
1956,1857,6415 TKZ,Blanco
1957,1858,ZA 7755 LS,Azul
1958,1859,2261 FDL,Azul
1959,1860,GU 5745 IK,Verde
1960,1861,GU 8514 UC,Amarillo
1961,1862,LE 4130 OH,Blanco
1962,1863,8468 YHM,Plateado
1963,1864,SE 6696 FD,Negro
1964,1865,1422 SRY,Azul
1965,1866,8516 ZSL,Amarillo
1966,1867,LE 5773 AN,Plateado
1967,1868,0943 DZS,Naranja
1968,1869,6246 LTD,Plateado
1969,1870,0113 RXJ,Verde
1970,1871,P 2415 YL,Verde
1971,1872,VI 0254 LN,Naranja
1972,1873,GC 8695 WS,Blanco
1973,1874,8243 CLX,Gris
1974,1875,Z 5713 TI,Blanco
1975,1876,BI 6622 BK,Verde
1976,1877,8839 JTZ,Azul
1977,1878,GE 8264 LI,Naranja
1978,1879,BU 5777 IC,Rojo
1979,1880,SA 9549 FL,Naranja
1980,1881,5173 HHN,Gris
1981,1882,8999 GPT,Negro
1982,1883,MA 4764 XY,Azul
1983,1884,6190 RJP,Amarillo
1984,1885,BU 8794 DB,Blanco
1985,1886,5561 FBC,Café
1986,1887,AL 9109 KA,Plateado
1987,1888,SE 8918 OT,Blanco
1988,1889,P 1235 NL,Café
1989,1890,O 5677 WO,Rojo
1990,1891,VI 5130 LV,Amarillo
1991,1892,TF 4955 NC,Verde
1992,1893,C 2821 HW,Rojo
1993,1894,IB 0105 DW,Rojo
1994,1895,5061 LRV,Gris
1995,1896,3238 LLM,Verde
1996,1897,CS 3308 VE,Amarillo
1997,1898,6726 WDR,Azul
1998,1899,BI 7784 XC,Verde
1999,1900,SA 9282 KH,Verde
2000,1901,H 1184 VJ,Café
2001,1902,5288 CFB,Rojo
2002,1903,1252 ZZV,Amarillo
2003,1904,8071 TWZ,Naranja
2004,1905,HU 7977 NV,Plateado
2005,1906,AL 2237 KU,Amarillo
2006,1907,2283 MMT,Blanco
2007,1908,3414 HDX,Café
2008,1909,6903 YZN,Amarillo
2009,1910,BI 6690 GA,Rojo
2010,1911,6335 ZXM,Amarillo
2011,1912,CS 5373 NV,Negro
2012,1913,9334 RJD,Amarillo
2013,1914,BU 9708 CJ,Blanco
2014,1915,IB 7416 IA,Gris
2015,1916,CR 7526 IF,Gris
2016,1917,2761 VRY,Rojo
2017,1918,MA 4590 TB,Café
2018,1919,TO 5678 SM,Café
2019,1920,4414 ZDY,Café
2020,1921,3096 MKY,Amarillo
2021,1922,SA 1124 IN,Plateado
2022,1923,TF 2620 JF,Plateado
2023,1924,7052 NHT,Rojo
2024,1925,9675 TZP,Naranja
2025,1926,4881 BRG,Rojo
2026,1927,1864 TYN,Rojo
2027,1928,4175 HMV,Amarillo
2028,1929,0187 GHR,Rojo
2029,1930,BA 1838 EJ,Azul
2030,1931,CO 8801 ND,Café
2031,1932,1391 ZGM,Plateado
2032,1933,SE 7257 JK,Azul
2033,1934,MU 0549 AA,Verde
2034,1935,GI 0536 OT,Plateado
2035,1936,4789 MCD,Naranja
2036,1937,L 8940 OG,Azul
2037,1938,SA 3451 SZ,Plateado
2038,1939,PO 1009 YA,Blanco
2039,1940,GR 0515 CW,Negro
2040,1941,8377 TRB,Café
2041,1942,6873 SZZ,Amarillo
2042,1943,LE 1839 AG,Negro
2043,1944,3041 RVN,Naranja
2044,1945,VA 7870 NX,Blanco
2045,1946,SO 9062 DD,Negro
2046,1947,GR 5511 MA,Azul
2047,1948,7072 LJK,Amarillo
2048,1949,BU 5177 GH,Azul
2049,1950,M 0180 DS,Plateado
2050,1951,VI 6381 MB,Gris
2051,1952,2021 KFG,Negro
2052,1953,AL 7416 SM,Amarillo
2053,1954,6374 FGW,Verde
2054,1955,8713 MJP,Azul
2055,1956,0805 NTJ,Amarillo
2056,1957,6605 CWT,Gris
2057,1958,3112 WXV,Gris
2058,1959,1620 JPR,Azul
2059,1960,2202 PKZ,Gris
2060,1961,3009 KLT,Gris
2061,1962,P 2560 NI,Gris
2062,1963,2123 LCZ,Negro
2063,1964,3907 LYJ,Verde
2064,1965,IB 2080 EW,Azul
2065,1966,7456 LXY,Verde
2066,1967,HU 5946 GO,Gris
2067,1968,6128 KSY,Verde
2068,1969,4465 YBP,Café
2069,1970,GU 6482 PX,Amarillo
2070,1971,GC 4922 MB,Plateado
2071,1972,8742 CZF,Blanco
2072,1973,GE 7415 EK,Rojo
2073,1974,Z 6729 AX,Plateado
2074,1975,SS 5745 YD,Café
2075,1976,VA 1879 NO,Azul
2076,1977,7862 JSC,Azul
2077,1978,9210 FXF,Gris
2078,1979,6798 RBD,Amarillo
2079,1980,6267 RDZ,Blanco
2080,1981,4943 JTV,Verde
2081,1982,0158 FXN,Plateado
2082,1983,9406 TKG,Café
2083,1984,LU 9015 SH,Negro
2084,1985,TF 6252 PD,Café
2085,1986,9929 FYP,Rojo
2086,1987,MU 8546 AN,Gris
2087,1988,J 3279 MG,Verde
2088,1989,3265 JXF,Amarillo
2089,1990,IB 5873 OO,Café
2090,1991,9963 XDV,Café
2091,1992,Z 1923 HB,Negro
2092,1993,AB 1998 UT,Blanco
2093,1994,MA 8451 ES,Negro
2094,1995,V 7936 AU,Plateado
2095,1996,3639 KWS,Amarillo
2096,1997,4536 HMY,Verde
2097,1998,HU 5999 CD,Azul
2098,1999,1123 VHW,Amarillo
2099,2000,6756 FPL,Plateado
